input,output,probability,truth,loss
"data:image/png;base64,iVBORw0KGgoAAAANSUhEUgAAABwAAAAcCAAAAABXZoBIAAAAxUlEQVR4nGNgGDaAEUKFpD77sfTFHeyS9xQYGBg+X4UKPuk6w8DAwMDAAuGm6l/TMnSweCzLwPDntSTDozPIOhkYGBgYBA3PmDIw/Lh1XShnGi5nBP+9KIRLTuzl/2AokwlDMlv0/U1cGq1//rPDJcfQ+m83Ky45zrM/rHBqrPu3Daec9+8PlrjkhO/+W4ZLjvn0v9vKuCTV/v3zxSUn/+BfMSMuydZ//0xwydl+QpdEClsbHoa7X1AkWZA5F53f4TIWEwAAaRE8kJuHrgAAAAAASUVORK5CYII=",7,0.850876,7,0.161488696933
"data:image/png;base64,iVBORw0KGgoAAAANSUhEUgAAABwAAAAcCAAAAABXZoBIAAAA6ElEQVR4nGNgoAlgRDBLOPVCGKYfX4xN2cq/f//+/fv3lhwOuat9G/7+rcKUM/n195ICDwPbub89mJK+vy9JMjAwVP3464jFWHkhBgYGhot/sUoyMDAwMJR+/3uMC4ecz/e/z+2R+EwormJjWHkQh8YN3/7O58EhJ/nq70tlXK459vdvLy45vx9/9+IyVPgEHo1tf/+uxaWR4cffv5LoYixIbKHfDAwMH3+z8jMIFjIw/C3/hix5iYGBgWH1c/FwCPdFKzwlrPNHqPrzj2HTGYYjxxHJpIyVgUE7nIFh3gOGdddxuWyAAQCfcVM+FkfDOQAAAABJRU5ErkJggg==",2,0.49266,2,0.70793646574
"data:image/png;base64,iVBORw0KGgoAAAANSUhEUgAAABwAAAAcCAAAAABXZoBIAAAAiElEQVR4nGNgGARA7V8unM2ELmn47ylune0fccvpfpmG4KAbq861ErfOU/e5ccop/LuBxEMz1p7hNW5JXYYunKZavj3LgVOns9CNHzgl9f+vwWmqxIvrKHwUnQliJ3BLyjO8x2kqw5N/Tjh12orj1sfQ++8sMy6dXF4Ma/7i0sh6bAMXHnPpBAAPgx/ARH1j7wAAAABJRU5ErkJggg==",1,0.608455,1,0.496831834316
"data:image/png;base64,iVBORw0KGgoAAAANSUhEUgAAABwAAAAcCAAAAABXZoBIAAAA70lEQVR4nMXQsWoCQRQF0JvBNNrGdjcgIR8gJJVrqRZCfkMkgn+QlEIIAcHaHzClVWySJkmXSgxqIbKCbcrLxRSbNe7M2uqr7syZefAecOTK9fTp78MLUs2ds9nJ+b71OPMfWzdXAALz9ZrSVCQpclp0bbiRpPVckmPlmUh268Ed2bDsfEVx2skCfsif9qkzxcsZAOCWYsHGDy+K/nuM2zmNuV5E6cQYc5/4+UDG0W07iTFfXlGhl45PJGelKGeQrOElgPFb8vJbqtWW0kYpG2qT8W7ZtdEP/zAcFbI2IniMsOkIAKD6zEGl6qXjweoXXfV/5XmKZEMAAAAASUVORK5CYII=",3,0.311133,0,1.55894052982
"data:image/png;base64,iVBORw0KGgoAAAANSUhEUgAAABwAAAAcCAAAAABXZoBIAAAA2klEQVR4nGNgGLzA6AGU4SYLZTAhJN3ZoQy/bgxJFi8Y64wWN7qko+V8KEtIiwvNRt03N3mgzAN/RNEkV3w3hWn8/xdNMuTTZRiz9+9eVlTJlX+yoCyFF7+cUOX4H/6BMdv+wM2AupZdegVMRJnhCppzOM9cFIKwxP7+zYaJskCo73eDt/YxMDDoKMv/Z/iPppNBc9XXP3/+/Hnx/PefP5wwQUa4tKEyAwPDGoaF0TDTsID6P3900exEAEZGhss4Jf8jOYcJXZKD4QdOKxlevMnHLbnZCbcclQAA/k48Hcv/z+EAAAAASUVORK5CYII=",4,0.392335,4,0.935640215874
"data:image/png;base64,iVBORw0KGgoAAAANSUhEUgAAABwAAAAcCAAAAABXZoBIAAAAnElEQVR4nGNgGOzA9382My454cf//3Pikgz8/38pIw459tP//3vi0mj6//8vBI8JzVQGhl24NDIc+f/DAJec1f//b5G4qMaaMjBMx2nq4v/vZHDJ2fz5fx+Zj2KsMDPDbnymmuKSk/nz/xKKALKxVswMG3Gamvn/lQhOnW4Mjz7ikmRVYfjxG5fkv9MMd1DtYUEw/9b8P4fTPdQEALkJL6EfqMvmAAAAAElFTkSuQmCC",1,0.698647,1,0.358609557152
"data:image/png;base64,iVBORw0KGgoAAAANSUhEUgAAABwAAAAcCAAAAABXZoBIAAAA10lEQVR4nGNgGLRA7ECbAozN78uKIif4+tdKuNydj6rIciJ7/06Gc7r/pqBodPv7VxTG1v63lhfFwpl/E+Byz//FoGhc/P8MN4yd8W8eqlMX/d0EdR9n89u/MFEWGMN714fpDAwM9g4WDGtQNTIYP/n799/fv3///vv797Yyms6zugYepa8XMjAsvshw7C4DDqD075woLjmGBX9dccqF/vtohFNy3r+lOOUYnn/BrTHj3wvcGi/8ncvAKwfnMqFJ/43e34xT57+/s2RxSNruaxBnw20rlQAAKNJLfTqR0FsAAAAASUVORK5CYII=",4,0.215852,4,1.53316020966
"data:image/png;base64,iVBORw0KGgoAAAANSUhEUgAAABwAAAAcCAAAAABXZoBIAAAA1klEQVR4nGNgGKqAb+pBVlxy0Q/+/hXGISfz+t/fv8uEsEtO+Pvv79+/74rZsMjJf/x7Yeffv3+fS2CR9P93kIEj6fa//ycRJjPBGOz/+xl+zLv9//+3X5iSkQzeDAwMJgwMJ75gGhv294JG6LLfb/+90cKUFHr399/fvztVbvydgcVFLh/+/5vIwdD2774yNtl5fTwMDJzr/y7EIgkFEX8f4QgmBgYGpmV/63BrNfj6Vw23bPG/NZw4JUVv/dPDrVXu31Lckgy7vmAJJhjgu++HRysRAAA+/lIBnbxrFgAAAABJRU5ErkJggg==",9,0.297742,9,1.21152877808
"data:image/png;base64,iVBORw0KGgoAAAANSUhEUgAAABwAAAAcCAAAAABXZoBIAAAA6ElEQVR4nGNgoD9gxBARlGNgeFh45dZFTMXeM2/+/fv3+re/f9FllPu+/PkLAwwMDCzIkjL5EPrGVQgNlxQpOLLj18ev3LuunDz//Suqidzn/voxMCgwyDFhuoNt498WLhwe4mn9+5IfhxxDzN/7MliEIVZYMZx/gksjw6u/3+oNMYUhwff/HwPDvxkn5O5cZdA+jm5G918EeLECTZLZ9Na93zDZPzWYFjh7nIDKrsfmrIq/P2cYL8EhafT37989f/7+nYJNknP5379///5az41NkkF8y/O/dxuwSjEwMDDEThXDKUcfAAAG83bQTLLiMgAAAABJRU5ErkJggg==",4,0.324822,5,1.81760585308
"data:image/png;base64,iVBORw0KGgoAAAANSUhEUgAAABwAAAAcCAAAAABXZoBIAAABBElEQVR4nN3QsS8DcRjG8UcOPUFiINLNYGgj2M7QpTGISSIxWRkMFomIGESCwWJ1XTtYDP4Ag60xoqNBqjW0IWlPQ/Tc9wyWa/P7/QOe7c3nfYb3lf5N+rqm6fHVPH7pybA46zcA6JQvBntortCE6uVpeMdrZavbCg24OXel20zp8zmaSJB7GFE/Gpakx5klIInLH9Q8SXKmdisBcXFAkvr/0IkULqxl9JXNvk1K9ZMw0Ry6bkcxhAD8XKV77hzbz72/pOY9Sf5B0/iTIrQ2HCNprwPrZtJmAOWU2bwWBDlL8RjaeYuNfoNvsZEa3LsWXIlh0WJ6gDObqRrX01bcibetZsovhERycinB3ycAAAAASUVORK5CYII=",7,0.455639,9,1.07756578922
"data:image/png;base64,iVBORw0KGgoAAAANSUhEUgAAABwAAAAcCAAAAABXZoBIAAAA+UlEQVR4nGNgoD9gRGLbHlP38d7KcPwwpjK+zV/ffPr379+/r69DMHROT2dguP76EwOTF8Nn20uoGrVf/3vkIMPDwMDU8Of/WkFUSYt/f7OhzLZf/7xRJe3/zYOz7/6by8DAwMDABBNoZjgJl9zJYIEiqST18TJcch+UhknGKO05huE7mGTEx4kYcgg7bxzBKcnNiikFlwxXRhb0Y/iDaiwSMPZhqMIlaVwkcHQnsoDTx+MwJvPyf4/NUZVfuyrCwMDAwKA349S/f/ZQQRaYrOaOFwwMDAzmwgxvNp1Gsyjw7D8I+POqAtMZUpf+/fv379/MDCzOpycAAHRkU7CjZDd1AAAAAElFTkSuQmCC",3,0.592047,0,1.54114842415
"data:image/png;base64,iVBORw0KGgoAAAANSUhEUgAAABwAAAAcCAAAAABXZoBIAAABIElEQVR4nM2QsUtCURTGfy+EQHgguPQeLxqK5lpC/weXWlyDiGiocGgJgyBobSsoW1uLmgoJAoUHluBQSEKgZUFDS0Jk53Jb8ul94hh0psP3u9893znw1zV8o05NZajLdqf07SDjulwmQlLXOULeHwjt7/zAOK4q9GmRTpMNpKRH5cF8VVfzAOw3PkTeNw0WbTaAyExT6beTun4e64WrsgfulsjTjgdnkuidOU0Nskv6KnMH1MxALjCZ5nCtDUC53Atty2Ildrzc2bkN3SNorXG08/vNwouRtigZ4q+fG3EAv2Vc2X2UDDglubZJ+V/mmlyo8yiQGh89UK0Qw6uowlwyuV0UdT9LuJyqiCgRycUDzQq6WHpiMac5qvb5/k/9AF+bZJFBxVz7AAAAAElFTkSuQmCC",2,0.376728,6,2.9487361908
"data:image/png;base64,iVBORw0KGgoAAAANSUhEUgAAABwAAAAcCAAAAABXZoBIAAAA7klEQVR4nN3QMUoDURDG8T+SLYIIgmyhjQG1SUjhVnamEAv1CB4h5d5BSRlIJYIECwNWJkUsogdIsZXxAIrBbrEIIt+wFhJ19/ku4HQzv/cNw4P/WdsDy6y3uXhUdijYe5ZMuhjZ8dek9IPRkGlzxvqs/TEtBmuvuo2AtbFOnK1XdrMFsC/tFu3M3qoAwb3dOcFELwDBqdTwYKUlPS3PZ9/XTuorCYSrGaPUSZb7JkmHPe04BjTi+ICOPYZ/IQCmrtcqlkZePLdLr9XS+Z8DsJDDaCl792KYPVx71yaKf7f55CT/tpTrhhtj79ZifQIYllOGWhdxUwAAAABJRU5ErkJggg==",9,0.565811,9,0.569494903088
"data:image/png;base64,iVBORw0KGgoAAAANSUhEUgAAABwAAAAcCAAAAABXZoBIAAAA/ElEQVR4nGNgGMxA0Knr/9+VXeJYpFgrnvz58/fPnz/zsEjm/Pnz58++P3/+/MGU037558+fEtZ2bJLam/7+uavNxMBq9uLPJXTJ2L//fxYzMDAwMHT8/j8LTXLZn787ocyLf89BGExQAWEzBobFUDaMhksaKzAc3go3RlASRdKEgaH+PVxSVgdFkouR8SBcjokRQrPAdP5Hcty//6h2ooIvb1G4O5DC5dLfAlS1Bi8Q4f3sBQeaSbF/vxhBWLP/rkC3RmnJ30IGBgYGBqc3z7UwHKFw70MbA4Na9Ks/nVicKLnxw/n0l3/+bFDG5gF+s81/OjvNWLDJURMAALiRXgjiuqSeAAAAAElFTkSuQmCC",0,0.338906,0,1.08203148842
"data:image/png;base64,iVBORw0KGgoAAAANSUhEUgAAABwAAAAcCAAAAABXZoBIAAAAWElEQVR4nMWRUQrAIAxDoyfLzaYn05t1v6ZgwDG2/LWPlDYF/laLsYcjgktZBRJYYREY2lBnksIOtC28nNOOPYFvnfIcTheCc5IGpvREDP11/kqZbocvdAPk9hBafsIbGAAAAABJRU5ErkJggg==",1,0.582895,1,0.539748847485
"data:image/png;base64,iVBORw0KGgoAAAANSUhEUgAAABwAAAAcCAAAAABXZoBIAAAA5UlEQVR4nMVRsRLBUBDcZ/yBpKUkLTM6Wi2ptVLzD2otRqcVlGZUDF1mVOHptERKQ5PLU5BISJRsdbf79vbmHvBnFNo7cskYKs+eeYKWKyEvmBhM5/5jX3TFja/29iRypO4Y8XnywUq/cwmvOA9S0ruYfKUzhQH8Gj2WHHJIVwOct628zG74Gg0pI4of7hKNAABSc0GmglhohlWIV6XtUY1Xy4bV/OZ1gMARQrDXLJIHACgnM9S36q86M77kgppK3Ucha9rsZNZCRlWQ1esvx+SSu+08v8APrlRRk7nN7Sn2kcf/Ee5X31QWMkxIYwAAAABJRU5ErkJggg==",3,0.738279,5,2.04652047157
"data:image/png;base64,iVBORw0KGgoAAAANSUhEUgAAABwAAAAcCAAAAABXZoBIAAAA+klEQVR4nGNgGKrAYdLT/2crsEpJHPvz9+GN138isciJnP17342fQfbcOqZwNUY0yc6/j9kYGBgYlGV8/v7lRJWL+P2aB8LSevd3HVQnE1RSj+nqFwjrCQPD5/+oksoMXVCWOyfDKlRTuX791Yew2G7//SjPgKqTGUqzOikxzHuIqpPt7t9SBgYGBsmyv39hZjAwwHwkc41n71otXluJ3/yPjN6hB4Lfyb9/f1yf4/z971x0KQYGBlYLCyMGBrW/f72wSEKA09+/QnAOE5pkME5tDAxy7/7uZ8GlU4WfYeMfXDrD/35hRvDQdAYzXPqL085/f6ficRHxAACCEU1DWeumhAAAAABJRU5ErkJggg==",9,0.424903,9,0.855894863605
"data:image/png;base64,iVBORw0KGgoAAAANSUhEUgAAABwAAAAcCAAAAABXZoBIAAAA00lEQVR4nGNgGDaAkYGBgcFrPSsDw/dNDA8nmr85gq4i4x8U/Pz352ihuzqKTtY4lUcMnH4MDJqiDAwMDD+665Ek4UDXlSHSmIHhk/xH7I7gUJ79718TTjeq/PuoBGExYUr6M/CG4NKo9PnfB0FcOn25GWa/x6FR9fO/Lxo45EQ2/PtXiMvGnn//7mBxJAMDAwNDxN9/n3VxyNl//PcvGIecwOd//yazYpdjyv/37zQOOQarf//+4Qobvrf//h9iwSEZ9O/fIWkccgzqzw7K4JLDAgAxfUkATYuCRQAAAABJRU5ErkJggg==",7,0.833247,7,0.182425439358
"data:image/png;base64,iVBORw0KGgoAAAANSUhEUgAAABwAAAAcCAAAAABXZoBIAAABKklEQVR4nGNgoD9ghFA8spkM8y5gV8LT+Pfv31+LhbBKtv79+/fv379P3bBJpv79MzEt++3f7w1cmJJb/y5nYGCwff3372JWDMn/f7UZGBgYrA7+/buEBV1y918FBgYGBgbzN3//hiGEmRgYGBgYrjMwMKTsCw9XWM7AoIquM+6vn8YPiIv/3g/hR5Xki+FR/vAXBr5EYrjZe+FmuPRFbQw3MwsIqKsJCEz8/PfvTgNUKRErGMvq4t+/21HkfO9+94exeW///eCBLBn1/e8fSxjH9Pff/XB/MjAwLKtlYIRz9BgZLqF6Z8/fu/PUGBgYGPIvf/v7dyKqi3jufvv7++fPnz///v3794Qwul/itz+B+PNwjTgDAzyZwIAEb+oBk1tnH/1E10c3AADYSocaJoPCxgAAAABJRU5ErkJggg==",3,0.495029,3,0.703139424324
"data:image/png;base64,iVBORw0KGgoAAAANSUhEUgAAABwAAAAcCAAAAABXZoBIAAAA1klEQVR4nGNgGPxgRTSMxYQhx+SkjFvSUIQBU1JtkzyUdRlT0sLHhIGBgYFBheEppjsW/LNgYGBgYNj7jgVDjvfxCogph95g2qklfeofAwMDg4DmbkxJG4YDDAwMDAzhwofgkjDz2bPeSc6R4LJjYGTghEsyQmn+9wwM/64/YGBw5viZvgjNPRw335eKMTAwMDz69+kohmv5hBgYGBgYpD+f11NFt5PhE4Ty4N56CdO1UCDIsJ8BpyQDwy98kgy4Ja0Y1XFL8v5/j+Cgx8COr9vxWUQVAABxOStrssY9hgAAAABJRU5ErkJggg==",9,0.342187,4,1.28302955627
"data:image/png;base64,iVBORw0KGgoAAAANSUhEUgAAABwAAAAcCAAAAABXZoBIAAAA5ElEQVR4nNXRv0tCYRTG8cu95qKIBU6BgoMoxkWQhP4CJ2cdggYXR510U3R1aqy/wanB1sCrW0iLOIkgCuGPrhAa3L46NETv5QyOPeP58LyHw6tp/zmR9suVQLH7D5ilcqab9OQcABtLVy3UBDYOwMqj4gN8lbJ94P1GfbPjOK/p2gjgWe2VYZTfATCOKHa2AGDZ6EFVLRoWfK5b5+aOQcB1R/C2ENc0f4dtzH3kT+7gUbKLN6ZeCS0oShbd8mQIdjlhGpaKOQ51yTJr9teC+bqwSAhYgXnq7+j3V7/tRnoorTw1R58sbSjUMIr2AAAAAElFTkSuQmCC",9,0.380126,9,0.967251777649
"data:image/png;base64,iVBORw0KGgoAAAANSUhEUgAAABwAAAAcCAAAAABXZoBIAAAA2ElEQVR4nGNgoD0w3PL3ixEuyR1//rxYgkPO6dWfDjUL7HLCb/5sYMFlqM+fP2jamBBMe8aNJ3BpFLvyxxVNCKEzTvPLW5ySmgz3zuEyleHZ3zR0IYRORia/ri1///+9l8iMTeefP3/+XP7z508pNskP2yNd2V1X//kTiiHZ/ncmAwMDAwPv9T8lGHa+ZTBlYGBgYPh8BIuDvjGxsjMwMDAY+jFi8cv8P7M4GRjkjv75E48pKfj4zyy3wCd/Hjdh0clg9PjPn79/duJICwab/+wrZcMuNygAAJ8ETu70Qon1AAAAAElFTkSuQmCC",6,0.214346,6,1.54016339779
"data:image/png;base64,iVBORw0KGgoAAAANSUhEUgAAABwAAAAcCAAAAABXZoBIAAAAtElEQVR4nMWR3Q2DMAyEPyHGaOao0jmKu0aBOZA6R+gc0DkCe1wfKEIpP29V/RLb5zvFZ/hxVPL7YDwAnapVL5uTgnFftZM7UI3rZv5577RT4h3nZ58OBdmERUnzv7N0htJRX4Zmk+klg6BNZsktAFgCDpwAV/RhcxUBYbKpi6ns0FMBjID5xxfVpOAlBxbjyqwqSpJZ0NZ5XCNJUrdjcpQaW8p0zxbcdRHNE7Cm4HVw13/HG1Y+S+qMkSjCAAAAAElFTkSuQmCC",4,0.264534,6,2.61934399605
"data:image/png;base64,iVBORw0KGgoAAAANSUhEUgAAABwAAAAcCAAAAABXZoBIAAAA6UlEQVR4nGNgGOzAdcbbf//+//tjgiETvuTt33+3uoLVZ/1rR5Pq+vb3343lZqwMDAwp+5nRJF/+W2nKBmEqc6Abuu5fHE6nqH29y4sqwoRgZnDu+IxTkpPhNk5TGR59UkATYYGzePhu8ugwMNz5gU2j279///79+3c2FOELRjhLdfLHOwyyRloMK5KwamZgYOA03vivFotrGRgYGBi+v1BgeI3LyfYX/x3ixSbBxsDV+eXfMURkIRzE66Us6SP/s6PvM4Yu5rJfl378+3PcEJuRXf/+/ft10gNVEBZCR2XlJm34icuZ1AUANxRPSDeZvtgAAAAASUVORK5CYII=",3,0.442654,5,1.12221693993
"data:image/png;base64,iVBORw0KGgoAAAANSUhEUgAAABwAAAAcCAAAAABXZoBIAAAA2klEQVR4nGNgGMTgqA1uOaPPWjjlmHa9EWVgYGgLRhKCs8Kk9V4zMDD8DscmqbH4GQMDA8MtdSySClk/IAxFOUzJkC9LGRgYGBj8mWQwnCP3oQZi+M8uDGOZExmnMTAwMDA8f/sHQ5K34dA7BgYGBoaP+zEMZeDc/7IjVYSBgYGh8Lq8vDxUCyNUliNQ3UniBwPjfwFZhrNr+n+iSDIwMDBwsYqZMmTpGj7+jWk0BCx9KYDpTzhY9gG35DZdDK8gAV0lXDYyMIj8t8UtyXLxNm5j/8w6jVsndQAA62Iws6ru2FoAAAAASUVORK5CYII=",9,0.277664,4,1.50429713726
"data:image/png;base64,iVBORw0KGgoAAAANSUhEUgAAABwAAAAcCAAAAABXZoBIAAABFUlEQVR4nL2QO0sDURSER7MKYmEbCBaKKL4accGACiIWFlkCNva22uifsImFaSwEX1hbaKsQEcQyURCsk0ZJoUQJZj+1uO7mbrJ1TnWH7wx35kidn66ISmR29hvSzUfcah8AHLSB/sW5ADaq6RaY433NOTGU+agvV4e8Vos+AE8RmAe4H5aO2buFWsYKsvsNwIo0MNuTeoDDJsyan4rjRo7A3ZCkbklSrySpuv6sQKanQ+cPAOeBfAS80ClJutiKu4txlhzznqh8+XCUkOSEC7++JG3MLCQlfZ7SBMCL67pX5ZrJbdXUGdEpDFowG0GvhaQdaKpkscpyS9zRcoDqb0ttZcb+vdfbcVUnN+HS81Lxh+jc/AEyMbnzlJgrOQAAAABJRU5ErkJggg==",0,0.360569,0,1.02007317543
"data:image/png;base64,iVBORw0KGgoAAAANSUhEUgAAABwAAAAcCAAAAABXZoBIAAAAsklEQVR4nGNgGFFAlIGBgTtm7d9/f//9tUOX7GMQTbv65+X05ua/f/rQ5BbPmHHt5fY0BgYGhpa//41Q5II+//3TLAdhc1352wwTZ2FgYGDQvDF73RuowLfvTCK43bbo73QYkwlD8ggjA25Jhv94JG0Zj+CW1Ph/HY+x587hlBQVWY/bTmO5N7glF/5HF0EC/14i2Og6Nf+vw62x+p8RTjnR+y/lcEoa/92O21TjP8jxBQCB9zgHYy2zQQAAAABJRU5ErkJggg==",7,0.568907,7,0.564037740231
"data:image/png;base64,iVBORw0KGgoAAAANSUhEUgAAABwAAAAcCAAAAABXZoBIAAAA4klEQVR4nGNgGMzgbjEqnwmJbayoyMDAwCD2rA2LZCnDfQYGBgYmcSNMSWMnhnsMDAwMzlgs5L37bwEDAwMDQ++/egydqQr/1zAwMDAwOP2/h66R/8XfNAjr/F9BdMmnf08JMzAwMDAoffiLJsW+6t8/PQhT/98/NEmJv//+vlqsry/FwND0F12n6Ld/f//+/ff3xboLL/5uRLcyZOHl27chCr64wgQZkVXEGjKc9w15IYWuEw5m/r0KZzOhSwoybMEtaYQugARs/v8LwKlT8T9myMKB8b/rnLjN3ZWFx1LqAADJNkrEtbUFxQAAAABJRU5ErkJggg==",4,0.365974,4,1.00519382954
"data:image/png;base64,iVBORw0KGgoAAAANSUhEUgAAABwAAAAcCAAAAABXZoBIAAAA6UlEQVR4nGNgGGSAEc5SuP+f8T8Dw/yn11b+x1Cm8BcGcpgwJPka38Fk5bBYYfH3x/LXf//+/ZuBKce66e82Bum273//XufHkGv6e0+agYFh19+/fyWwOKiKgYGBwfnb379Z6JKlf49LMjAwMDDs/vt3Cpqc3sOvzhBWBFwS7qV0mSN70Q2DSfL7MyzBcD9MkkUSQwrJWBRwE0NSE866txhDMkEBQusw7P+AapDw379/X1YweKWknPhxUxHd7vl///79+ez7379//+ZiuCEeHp1lzJjO1oTKlWPzgIBxxLWlyaysjFjkqAsA4oJvFx1wZJgAAAAASUVORK5CYII=",3,0.67525,0,2.45216155052
"data:image/png;base64,iVBORw0KGgoAAAANSUhEUgAAABwAAAAcCAAAAABXZoBIAAAAcklEQVR4nGNgGFhw6y83qgATEvv//0DcOk/8+YNb0v/MLwk8sj+n4rSTQY45BrfO838+4ta5Hk0xiqQSbkMZGJ7++ZuOU9J0x//VuLVW/n2C0050QL4kKrj697UMTp1fGARdcEpuINtBx499vUSs+2gEAJleH3i0F+pBAAAAAElFTkSuQmCC",1,0.34863,1,1.05374443531
"data:image/png;base64,iVBORw0KGgoAAAANSUhEUgAAABwAAAAcCAAAAABXZoBIAAAAxklEQVR4nNXQoRMBQRQG8M9FV++q7Cp/hEwlC4pRiWTVqEQum5HushmKIxIJEvF97wRmBG+L5m3Ynf3N92b3Af9YYS9VKnXZMHBFea17+XPpvffAu607292t4He/k/VJBUCUCg0EAPiZcuOwQSaUum1VKnUS2ljcU3g59a3PABiclEqt2RpUhpkwcbwJCGfK9vvsfWmU50dXckRtupqOKdeSbdGBmjly8ztlWTTAj2PmPNvTGwmFi8BuOeVj4xgc0Er6Lvqhnm7tXZhILmyQAAAAAElFTkSuQmCC",3,0.775419,3,0.25435167551
"data:image/png;base64,iVBORw0KGgoAAAANSUhEUgAAABwAAAAcCAAAAABXZoBIAAAAdElEQVR4nGNgGMzg9EE5FD4TCs8mFbfkbEYRPDr/47FT899fPLJ//wThlpzx9zRuO9EsRZU8wsjNhdNYrit/jXDq/Pad0Q63ndf/q+OWPMKI20EMDP818Ugy2uLTiSd4Nf/jD108xm5A8SgaMP6Thsdc6gAADeEdvIk3Nw0AAAAASUVORK5CYII=",1,0.270618,1,1.30704534054
"data:image/png;base64,iVBORw0KGgoAAAANSUhEUgAAABwAAAAcCAAAAABXZoBIAAAA5klEQVR4nGNgGKwg+f////9vlmlik9v0/e/fv3///u3BIufw5e+FjRvNk//+jEESZYFQlzfypT1nYOBjYBHElHwbDeX/+YTLUbwz//bjkrP88PdvJHYptvzvf/8+xuoVBvknf//+/fv3bgQ2SWWIP//+OWeAKSlz9uzZIBeXPX//PjLG5Sir5X//PlDBJcu84e9fK1ySDAxr/95VhbCYMCV3Myio4dKo+fjvX28IkwVVhsfYN0yK4eM7LHq0Zh78+/fv35thGK6Unff779+/f/++SOOFicGN5Q2XYWJgeDYRd7xQDQAAfhxgBh0NeJ4AAAAASUVORK5CYII=",3,0.745765,3,0.293345332146
"data:image/png;base64,iVBORw0KGgoAAAANSUhEUgAAABwAAAAcCAAAAABXZoBIAAAA80lEQVR4nGNgGFAgwIRHcvcGHwRHjIWBgQFJ9Tk/VQSnoB1VZ86/Qjjb9cc/VJ2ZSAod2M6hSOpII0m6MjShSFryMXyFsdlZvx9CtpHnxr+1cE7Yv5kozpn9758+nLMDIgkz1i+U4cFNmBy/GIo+vtP//hnAeQb//pkhSar8+7eWGVlSGSHnfubfLUkGRh4eHnYeHkYGg39rGRkYGBhYGBgYGBj8jRjYqxmY0xkYzxkyxGx2Y/jwH6Hz5T8YuPXw8r/TD/6ZMiB0Nk1mePTyC8O+MwynuN7Y5RpfvIXkHhZTUxkuOG/Kv2kMOIGoMhduycELALWdTCRsFwZNAAAAAElFTkSuQmCC",2,0.267162,4,1.7330737114
"data:image/png;base64,iVBORw0KGgoAAAANSUhEUgAAABwAAAAcCAAAAABXZoBIAAAA3klEQVR4nGNgGIrgyeVICMO4svLR3xc6KJK2r39++PDhw4ePX//8+fPnTyyqVoftf/78+fPn7x8kSRaY5IHTMgx8WicYGBi2KDKcfITDdu8vfy4KQphMGJL6HAxf3+PQGP/lz5+NOOR4P/75UyeBXY7j6J8/P4xwyB35++dPGg4zj/79/3c+gs+CJCeYZf7/3/8T2DVG/fnz568qM1Y5wWN//lzMw/Q4AwMDg9CGP39+RGA3UzD7z58/PdjlGFb/+fPnpSJ2Oa6beDRG/vrz5646DkmGqzdv+uOSIx0AAMLDZO/3jjrkAAAAAElFTkSuQmCC",7,0.614262,7,0.487333834171
"data:image/png;base64,iVBORw0KGgoAAAANSUhEUgAAABwAAAAcCAAAAABXZoBIAAAA/0lEQVR4nGNgGGCgUrv/1v9//z4aY5E78/MvBPx6jS4V8fH334d9hjw8PJl//+ajysU//Lu8kI+BgYGBQeDy31IUueh3f1fJwDjToJIsEG7SzPtOV3+j2wSV5GOadgEuxqn0dS6yGhFdVgTH+e8HLH6BAOlXPzJxyenM/duCS45779/T0rjk5vz95otb7pQLbrlH7gguI4whx8yQLS7u/NTlFoYWnsAv0BjZ5SbOwCA2B8negMN///79+/fHq2U//v79MM1zQgYiStl//P379+/fT5kMDNmf/v79+3UBkqGWv/7+/fu9XZSBgYFBtHT7dgMUB1UymV7v/IDDC/QFACDFcNUhi71qAAAAAElFTkSuQmCC",2,0.665042,2,0.407904475927
"data:image/png;base64,iVBORw0KGgoAAAANSUhEUgAAABwAAAAcCAAAAABXZoBIAAAA1klEQVR4nGNgGDaAEULZxv84+sM7+T8Dw60jP6ZeR1Eidf7f379/v746/PLly29/P0qgSC77++/v3wYDBgYGBgaDR3/DkaRY1v3++6VGmAnKvfZXGEmy5e/fjbpwnt4XFMmGw1FIvM3/ZuB0Pse/3x44JZf+W4pTTvXHPz04hwlNUoN17W1cGoXf/0PisaDIMXny/b/+n+G+NzZ9y//+/fvv79+r2Aw9+ffv352lSsIC2CTLPQ++VcHlHIaAf9dQnIAiqfb/Em5JBoaz+CTxAI+DSkSrBQCvQFG8k2q1xAAAAABJRU5ErkJggg==",7,0.771373,7,0.259583413601
"data:image/png;base64,iVBORw0KGgoAAAANSUhEUgAAABwAAAAcCAAAAABXZoBIAAAAcElEQVR4nGNgGMSA99ZFO5ySbHv/7EQRYEJi/3rDIMeGS5KBgUHNEo8kKkCRPMLImInMZ0HmXP6PR+fvvwxa3Dgtufz3jyhZDmJgZGLELfn/33/ckniNvYJPUodsB63H56Dn+IzFC4QubmMhrIpSAABADRg9BW0hFgAAAABJRU5ErkJggg==",1,0.46083,1,0.774725854397
"data:image/png;base64,iVBORw0KGgoAAAANSUhEUgAAABwAAAAcCAAAAABXZoBIAAAA1ElEQVR4nGNgGGhgtOqfNQ4plf1f//1bj1WK2e3Tv9cv/23DJie+49/nZOk8FEkWKC2yTStlxzMGBob7WDRqZIgwMDAw5P1TxO3cvFe45RSuTcUt2XZCAKecyPMJuDVO+uKBU07gZAtujUseyUNZ3FVn9VHl/P83QBj8ITd+TeBBkWM//0SVgYGBQaTj3b8n9miGtv9zYmBgMN3379/RUnQLRZ9vY1BI3fHz/eYEFnQ5hoZ/yQ0v/v3eiS2yWe7++/fv3wE3rN4w//dvT6YHN1Y5ugIAPhBJqAcV+xAAAAAASUVORK5CYII=",3,0.374611,2,1.13378858566
"data:image/png;base64,iVBORw0KGgoAAAANSUhEUgAAABwAAAAcCAAAAABXZoBIAAAAjklEQVR4nGNgGHDgdE8Wp5z8/X/1nDg1/vv3by2Cy4QiWYyqFlWSgYGB4SMeya89OKxUevbv32ZcxqZKMDC8wKGR68C/f//McehUskNTje6gd5/wSJ67jkdyDg73MOj8+3eKG5ek+PV/35JxOYiFg4EjHJfkj48MqABFJzseSUZ0pyPzX8xkZDyMy7X0AgBzIyMse7OlRwAAAABJRU5ErkJggg==",1,0.668589,1,0.402585506439
"data:image/png;base64,iVBORw0KGgoAAAANSUhEUgAAABwAAAAcCAAAAABXZoBIAAAAZ0lEQVR4nGNgGGiwUB6P5M3peCRbn6NwmVB4JxnwSH5h5sRj7j8z3DrRAEmS6vgkv+OWlGf8iVtS//9LPMa+vohb0ugfHmNVGfCA51dQuGh2HsYtyc60HbepZn/VcOvUZ7iFz0V0AQCJsBSuSRwAQAAAAABJRU5ErkJggg==",1,0.390629,1,0.939996004105
"data:image/png;base64,iVBORw0KGgoAAAANSUhEUgAAABwAAAAcCAAAAABXZoBIAAAAxUlEQVR4nGNgGJZALHHrv/93s5gxZWQarn799+/b+3//4tClpKe///fv3pm9btLX/yWhS2r/+PdSg5+BgYEh4V8+hqmVHooQhs+/3XBBFijdDhMQYrgFl2RCN0KOYTJO77CdXseIU2eC8Zn/GHZCgMb2dww/Fe9jN1Tjx79//z7td8cu2/Pv34+L/65iNZZZ71L5K8nS41g1tv0rx24iAwODwNEVGP5G2PhQG6ec8cssnHIMCx8L4pZ8UoNbjmEFGx5JDAAAJcdBqOGeMd4AAAAASUVORK5CYII=",7,0.595401,7,0.518520891666
"data:image/png;base64,iVBORw0KGgoAAAANSUhEUgAAABwAAAAcCAAAAABXZoBIAAAA20lEQVR4nNXOIWtCYRTG8T/X4iasuTJQ0MVhMC7L/QRbEGwuW9U00G9wEbEaZLi0sba4sGAQm8Fk3EAMXrlh23MXXkTuq9dk8aTnnN/hvC+cZDXDgQmu3jYzZxPOQ9+Ea9yijfdMTMgRrKyrF3PdmaUvTe0nb6UCQPJdGu/BMwBPUsPGrsHHH2l5af82AUClnoDPbxsnK7Jc9ZLA3L4KfQ0ffEn6dXex9PInrZ+k0a4B1VcvX5M6exFgLLVjsaVZats5UbwhWMfigmdiMUMQj+lIZ6F/CMsfHKX+AeWdSyJgvk6MAAAAAElFTkSuQmCC",9,0.352499,4,1.52225017548
"data:image/png;base64,iVBORw0KGgoAAAANSUhEUgAAABwAAAAcCAAAAABXZoBIAAAAq0lEQVR4nGNgoD9gROVq2jLMwqk26NrfxbhNkn9xXwTOYUKTfPhYVIQBF9D8vAi3sR5/NXFrfHkFpxz32ge4bWz5g9tG0X8HcMudfmmEIsCCxM43yjwnL8LAYPefUf1N2zcUdUF//9w//fLPXwiMRnan8dq///7+u5qWBuEvPo2Qq7765++fA/lGXHARDThr7d//fx8guKjg75+/TVh8D4nsNIbD13F5cMgAAJxAP137I3KZAAAAAElFTkSuQmCC",2,0.53106,2,0.63288038969
"data:image/png;base64,iVBORw0KGgoAAAANSUhEUgAAABwAAAAcCAAAAABXZoBIAAAAwklEQVR4nGNgGEggPv3/v8UKOOQu//37968LdsnZH2e0//i7E0WMBcb4mLyGQTqUne0XLmvZD/01R+YzIXMMrVEVo0iKMVy+g1MyjeHlW1ySKiYM/BbcONxj9Pfv37/zNbFLqu58/ffv331cOPRqRp78+/ecBA5ZBv5rf//KYXUtAwPDx+9IHBZUOal0TYZ7X7Eb6nXq79/bqlilEp99//t3BXa5hB9///5tZMEqx7D879+/TczY5Riy/z5SQ3c8/QEAanVDBuODhN0AAAAASUVORK5CYII=",3,0.557112,3,0.584989249706
"data:image/png;base64,iVBORw0KGgoAAAANSUhEUgAAABwAAAAcCAAAAABXZoBIAAAA5ElEQVR4nM2QrQ7CMBSFTwmP0NppqqfBYtnegSV7BXCEhEeAIEEyQGJJhhuazS2AIQRHgtpliBJo2kkE19yfr6f3tMCfBdObuZPuUgC3o31Q5FRQQQVtfTWoa9BxwqnwsgbS3iEzlW4RvKumSrVKA7ENZWlcpUOPGVDvqTzfgNGqStlnjAE8aptGAcg7DTjA6SJtOKENAGBIgQ3dMVf581rth06hyq2vx48hf/YuOuZrASRqI8STLEMiV5tEQgNbue8DgFxSwm04ywMRzO+0qGCQVyqpjHx99vXtdJvrOHtU6H4dLwG2SKtq6fLhAAAAAElFTkSuQmCC",3,0.653656,5,1.62772250175
"data:image/png;base64,iVBORw0KGgoAAAANSUhEUgAAABwAAAAcCAAAAABXZoBIAAAArElEQVR4nMXOoQrCYBQF4OOYgoIW05JgsS2MlUUFsfi/isniO9gNPoDVsjKTCEOzFothYBCjSTm/s07xVD3xfpx7L/DXzOyiqsw7kT3ZTMlV/W3iFBDoGoUJgVDuXZPnjsI+yb3C2pXMGkonpDUKKxvaXfPrt8DjXnJCTyCy/JkbhUsAA1ccdQ+WHIsm5wCGAnEE4LfEXmxJTkUTMYBINdssfvSR8uhyCxT+Ii9XBTlFyLG7TgAAAABJRU5ErkJggg==",3,0.376309,1,1.82480478287
"data:image/png;base64,iVBORw0KGgoAAAANSUhEUgAAABwAAAAcCAAAAABXZoBIAAAA1ElEQVR4nGNgoBz4rHv0f6cpDsl7wS5euz5XYZeM52ZgYC/6lIjbbPaiexK4ZSVuL8fjLvf7TLgldX6G4NG6bSmciWmGCgNuSW5xPJJmvHvwGMtwFM5iRAh6sIuve8OwVMDnP4Z6kfmfvn37VG79Nx7TLIbd95UZWEs+/zvPiikn8zmdgYGBIfDfLSFMSft/CgwMDH5frj06IYAhqfrPiMEi9us1Oa3Hp6zQJVkOfHz2999yWQYGjbYvO1wVUGXFOtfG8TAzMDAwMKZd/GCGxcmDHQAA97A9fueIPcoAAAAASUVORK5CYII=",2,0.528015,2,0.6386308074
"data:image/png;base64,iVBORw0KGgoAAAANSUhEUgAAABwAAAAcCAAAAABXZoBIAAAA80lEQVR4nNWOsUoDQRRF78ZFiZvGZrWwEU2bKoWIgoJ/IPsBIlYW+QP9AntL8QfSWAQCEcRKtNBSEEEL2UK7DZjlrBazSt6YLSw9zZs3Z+57I/0ngp9TeBDfdj+lqd3t1sab9ywBIik8AlY8t/oK77NSE6Dj7mrf8jCWzoZlE9vgZgqsqUzasdElwILC5Pq3bAKwn9wB0Jsx8hhHAcCWzIcex18Orqzsj8uP3Moiz06esiwbBkEtyOXRdmX6AliXTerGldG9pDk/WVJ/AM79ZMnSsqSXiuQzk3Y69hZNa+W8JKXp5KmNAtipWKmC0yiskn/gC/OqbNDrck8iAAAAAElFTkSuQmCC",9,0.422668,4,1.20161259174
"data:image/png;base64,iVBORw0KGgoAAAANSUhEUgAAABwAAAAcCAAAAABXZoBIAAAA0klEQVR4nM2QoRaCMBSG7zgmrDtEzKvOKA9glIcg2KxWrJo5PoPBZjaTER9BPNo8pt07C5sMpBn8CfsO3/7dAcCfZlkYGsqOrJQhqWKDXr0GzO5j87YkLcwrPeUt6bHINkdhTQPbtMd+yDRZYyaDSepIrcuahC7ZhkMzhElNGRLm3JmpzSQhNJSzu9M8IaVSyvUZCWkMbuQVlXkKvyUhviHhM98mhEd7b2tDDvC6AKBe7NpNmwzzXgeVWhn0OjJgj35J9pO/yEPjN3fi76N++ZO8ARGnTOZ9KfZ5AAAAAElFTkSuQmCC",4,0.457544,4,0.781881570816
"data:image/png;base64,iVBORw0KGgoAAAANSUhEUgAAABwAAAAcCAAAAABXZoBIAAAA0UlEQVR4nGNgoA9QnvPNCpeczM2/v8xwSdb//TsTl5zpt7+HOXFJtv87IYRLLuXfRzlccuzb/2bikmPw/7sTp9z+thtKuOT0vvz1x6nx5r/tHAwMDJrS2CT//fVjEOi59vGmB0yECS5ny/DrBUM5zwUelemYGg//28LAwMDAc//vXx8skskMDAwMIn//XocJscAlGRlVITTDOkw7//83i2BiYLX4/2cjpp0N9//+XeY/5+/fSVh8wuFx6u/fv//+PhTH5k8GVqsT1w964oyyQQAA1IpIFpB/Z7QAAAAASUVORK5CYII=",6,0.338082,6,1.08446621895
"data:image/png;base64,iVBORw0KGgoAAAANSUhEUgAAABwAAAAcCAAAAABXZoBIAAABDUlEQVR4nNWPIUhDURSGv3vfguz54JWBw5k2TA/RIDYNIg4GYhBM64oiCAabzSIMRASTRdZ1RbYmmHRpyopFmVanoCbPw7L3du/Y6sA/nXO/81/+H/6TFEA6y/IKAPqp9PpsX9xJpFDkIWPD0IRSid8TAMV1gKsazJ96hikBUC5Hqwbe+6cbOwxFZMJ2AowvUEq6AKutyx5T8TEOJD97U64F97tpRURO4gQASil1fuBoxymctZTe2jSdqSAInM488yJy1D8yMP0lYn4L+S70NVXrevHzOKqV/xDZsHqOjG5P/nJ7vwuz3nfj2nLmmkaVi06FmCbXlvzUXAhvN+y0eyDgetmcX283B9YYgv4Afx51Cfrbyy4AAAAASUVORK5CYII=",3,0.729187,3,0.315824389458
"data:image/png;base64,iVBORw0KGgoAAAANSUhEUgAAABwAAAAcCAAAAABXZoBIAAAA8ElEQVR4nGNgGCKA09eIgYEFU5zJ1sLEnfH6jHNo4oaiDBLlZ/79f9yQzY4mJbf734vrr/59nO8lhGGc0M1///79vpuphMUJQsf//fu5yAm7+3b/+3dEHofbLT/8W8yEQ47h3r+FrOhiMH8qifxaLespHXJ9zd5nGBpL//34+Pnf6/sf/r1Jw5A89u/fyQlWYgzyfb9eZmB4ZHooP4TV8m89Iy6HMeT8+8eJS07x4r8NuHQ6PPn3UherDF/Stl//nvvD+VATZP4z+PApuSswfJrX9wRdz6efv/5+//pxR4ocsijMbj1mgYef3uD0AlUBANfMW+hirJD8AAAAAElFTkSuQmCC",3,0.341464,5,1.18972742558
"data:image/png;base64,iVBORw0KGgoAAAANSUhEUgAAABwAAAAcCAAAAABXZoBIAAAA10lEQVR4nGNgGHCgNuv6R18ccoEvN7qJI7iMMIZJHAOzjP7kXmS1cMm7ny6Jbzp4FauB3D/sMAWZoLQWCxYdMEl+RiySMA1+jAwMDCzS74TFXzz6j64o+58dX/C1f4/+/fu31RFd0u3frIe/l4e4iYtHb/6ViSYpdubOLEUoO++/KRYHQAHnpWe4JRnif2mgeAUF3GeRxS3J8+sMbmO3fkMTYJSHs4SeHkCT5HvjB7FCaOHLnZzoZhX9i1LgMQ9d8epVIzuGRSxNj768+fd9Q64GbsfQAQAAOKw/pM13dZMAAAAASUVORK5CYII=",3,0.538576,5,1.62343120575
"data:image/png;base64,iVBORw0KGgoAAAANSUhEUgAAABwAAAAcCAAAAABXZoBIAAABHElEQVR4nM2PsUtCYRTFf4a8qaIgCQmapKAgGiKnoCFocMkhHNsSokFamgpqCmpoqGgRGpsiIqHobyhfRaSjkBgkD0IdSo42vHzvZTy3oLvcy/nd893vwB9X313el/XfKteB1Xf94I506McGTFmjfvC+g5GG3iO/1YDdmg0rZE8j3QCP9R/ONwDmLsuSpJvNYdfZaFohoOc6SrbyVJ6cNwon265zD2BfOu0FWH2WPM+aAGfSjC2kJOhq4aH2r+Y90PiOkmwJW85aUnpdhPBGsZqZBUgr5cBgVvbVtaKqCRirKO5eCEufRxFg6iBTu1p50VLAyUkgsT5BrZAGjOk4D7FS04WwEI2N21Puwjz/AC+E4OAyAMel9lj/pb4A5MBr19Xwy5EAAAAASUVORK5CYII=",2,0.59708,6,3.35598349571
"data:image/png;base64,iVBORw0KGgoAAAANSUhEUgAAABwAAAAcCAAAAABXZoBIAAAA7UlEQVR4nM3PP0tCYRQG8OemJFwQBSEorh9CXGwK/QhhELReqs+QLuIHcHER/ADpdrs4C01u4lJQU1CLIAiCNDzH0+D9g7zv6NCZDu+Pw/M+wD8et5x9/JGOa8UbhiTlKW/DFoX9mrBnseqWcn+KAZ8tOBbRJpCfy130cpKiqv6ugM2Hts3LEekDwDVp2MUmerxMMJtgIennwEBfk3ATb/E9s3TYj8T90sy0ihNHXTmvBqpO9ktFuwYCnwAA14uWw8whACBkkDEwlJciSo3pbnFu/vZsyffRF7nwbF26pJBvljsAufpagoeC1Y46fwy+WvWtdguXAAAAAElFTkSuQmCC",3,0.490209,0,2.67123484612
"data:image/png;base64,iVBORw0KGgoAAAANSUhEUgAAABwAAAAcCAAAAABXZoBIAAAA8ElEQVR4nGNgGKwg5m8vTjnhI38+SsA4kx8mokha/vnzVxrKVvj75zADAwMDAxNCfus7KCOHgWExuuSt7xBawJ6B4SKKpD0jIyOUyWvEdPsFAwMDAwMLVMT3P8N/mBH//wU/RDd2MkwjA8NHVMe++vMG4e5NnAzIxsoIMVzs/c/AwHD4YQ7CaVAQ9vfv3/9/YQQsrKA6H78RZvj3n+HbE0YZTga402Du965gKP3P8Osdg/B87QfODxmwA89XfwpgbCZ0yRlCCDYLuiQ8oLBIpor//3YLl7E8zAwsfLgkt75jWMKNw60MDJP+hOCUoxIAALgHTvT51lb5AAAAAElFTkSuQmCC",4,0.585534,4,0.535231590271
"data:image/png;base64,iVBORw0KGgoAAAANSUhEUgAAABwAAAAcCAAAAABXZoBIAAAAgElEQVR4nGNgGOTA9386bsnTf2/ilvz/9zg+yQQEhwld9tdLnBqV/z/Fbeqi/01IPDRjAxhe49SY8uczF06dXIw933DqLPmP2zlcL/7ilkz6+wa35Ka/ebglb/3lRuGjunbtD5ySsjzP/uKUtBBHswZZcvMDPJI/Dpuw4XAqVQEAxYQl6h0u2HEAAAAASUVORK5CYII=",1,0.594897,1,0.519367218018
"data:image/png;base64,iVBORw0KGgoAAAANSUhEUgAAABwAAAAcCAAAAABXZoBIAAAA9UlEQVR4nGNgGDaAEYUnrRfCpvCg4ikWhTY7Pv37+/fv33ksGFJGm3/8/XvzaP3ST//s0aSYSl79/bU4gIGBgWHrvxw0yZK//67ZQZhb/y3gRZGL//dvGzuEqfbk/796FMmGvychcgrma/7++6sFEYU7jM3uwe8PYSEm/AwMDItvo+gM+/n339+v9/7++/v3799/aWgOSnj87+/fv3c6PDKv/X3Cg+FP62g9BgYGBvt//2Iw5GBgM8xpWIDM67+hODXW/30nAOcwoUkKMdz5gEuj/sd/E3Cauu3v10Bccnr//nYhcVHtzGV4tA+nqdaH3XDKoQMAhUhh1gego3oAAAAASUVORK5CYII=",9,0.541484,9,0.613441109657
"data:image/png;base64,iVBORw0KGgoAAAANSUhEUgAAABwAAAAcCAAAAABXZoBIAAAAsklEQVR4nGNgGAaAo3oRAwMDCzapEOFk8RJsEkIaq+9/eONlhSlj6ND24f/fhZZ8KugySVeufv779+8BF1GYCJKddkKMn9ds3ICknBHOUjFQXcTwFMUsuE7t4AcHUKWQQOgpA1xSDAx8bz8r45RU2fL/0kFVVDGEgxTkGSquF+E2euoZTtyS/x7y4ZGMwxoPEHCHG6eU2Np/9rjkmGr/PlDAqfHvCYyIggOWJnbcriEVAAC2PTCT/MZaLwAAAABJRU5ErkJggg==",9,0.156935,5,1.96618831158
"data:image/png;base64,iVBORw0KGgoAAAANSUhEUgAAABwAAAAcCAAAAABXZoBIAAAAd0lEQVR4nN2QuxWEMAwEh2sMXWXIldlUtgQH2BiL4EI21Lz9PMFrNIEtlqCUIXedcrcOmlrlBk8AhgHLfko+XmBZktRnXzoO66eD5Ru46vjAuYf/Df0BlrBzhnUYx2+sRVBSjhhPxlxfMGysqfe1zXfvMIVzrtoAiqpFX0PEvXQAAAAASUVORK5CYII=",7,0.6283,7,0.464737594128
"data:image/png;base64,iVBORw0KGgoAAAANSUhEUgAAABwAAAAcCAAAAABXZoBIAAABCElEQVR4nGNgGGSAEYWnzcJwEYckZ3IvC8Pl/wwMx9ac+YxmCOeOf3///oXgq5KoOs2nGDOc3MGwV/H7h2B3hcXxKBq7/v49Lgxlz/57mYGBgYEFWd7rPZQOg9BMcJn7DAyhEJbSbB6Gs2gOmvrvqQYDA4PazH///m2RRJMUPvbvPKeSx+u/fx908zKgA8HLf69/+Pf3VYMghhQDQ9rTv3//PvHF1MXgturfv3///v0rx5CRanr27+/fncUOl//+EEWTW/bi79/vi/R42aO//v1ngRBnYWBgYLgVzsBwe3eggq4hA8Oz6+jGtn389x9i5RMlJGFowEtHSDoxMDD+XzvlIxZvDA0AAGpGbA6AjVBOAAAAAElFTkSuQmCC",2,0.572345,8,4.02188491821
"data:image/png;base64,iVBORw0KGgoAAAANSUhEUgAAABwAAAAcCAAAAABXZoBIAAAAuUlEQVR4nGNgGEqAEcHsKzj3QPro+QPP/2Eqc7kX6DVz59u3vw7JYkouOwKhiwO5MSWvzscQYoIx2Nmv4JaUluLH4+4V30QZGBgYulyx6GS4zeHHwMDAYOyGTfI8AwcDA0OoxjlsxjIdecLNwDDrnyU2nf9WSZUxcpoyYtHHwMDAcPDf9j3rsetkYAgouxP1GJdnGBgYGJJx6cR0IxrfBZ/kg1fncUveEdbBY+fvr7glpd9fx+dEYgEAAykwVcqeaN4AAAAASUVORK5CYII=",9,0.283988,9,1.25882303715
"data:image/png;base64,iVBORw0KGgoAAAANSUhEUgAAABwAAAAcCAAAAABXZoBIAAAA00lEQVR4nGNgoDkwPxDOjVNy5Z+/q7RxSeb//PvnZSoLDtnix3/+/OmSxiEbXjD5z59pOO3lbPn+vxanLMOGv0fYcev9+0cUymTCkIzEbShny7e/22C+YYQLT8p+tvH9Dz8ThuvuTzH0zP7z58/fP3+e12DzJ7tX3bU3f/5MxGkjX8+f5zI4ZY2+/NFC8GBeqbGDOpARQwNDyCdpBgYGlUmX/yDrhOrf8EdMTL7+/t8/n9owokzsz5+/f/78+bMvD0MfAwPLtj9//8yebI3ToYMEAAA2pVCATuhhsgAAAABJRU5ErkJggg==",3,0.431397,3,0.840725660324
"data:image/png;base64,iVBORw0KGgoAAAANSUhEUgAAABwAAAAcCAAAAABXZoBIAAAA60lEQVR4nGNgGDaAkYGBgcGl0erz/OgXV28yMNzlEb8sf4lt96//MBW1P/6iAx64TgYbYwYGBgYG6UQGBra/zDwMDAz2R7DZoyRk8P7vp1XMOJyR+/dvLy4nen34e9sGXVA/TEdHh5vB+/3fNyLocmIP/v79+/fgund//641kkGTlDyH5JG7W+RRZblcGma/hUsnI/wJBdqHBBhOnljPwMDAcPQfmsn86//+nceNwxPT/v5NwiXn/+HvfFxyih//nuXCIccQ/vcVRsDAQODXvzG45Py//32li0NO6OffNya4NAr//TsblxwOAACPr3GLXHl1/QAAAABJRU5ErkJggg==",7,0.614499,7,0.486947715282
"data:image/png;base64,iVBORw0KGgoAAAANSUhEUgAAABwAAAAcCAAAAABXZoBIAAAAmklEQVR4nGNgGOzgdiCCzYQu+d8eu6RwJTeqQmRJoVZb3JIYAFnSkUGageG5NHZJNYY3DAz7HbBKcgT/fY9qLAuCWSP/x9OAIWwnVuvf/Pv37/+/fxOw6mRkOD7hGcNaRqySZybv+MOgwPYfq6Q7AwMDAwszkkXogSDMi0cSBaBLSjEcxy3pwHCfTGMZHl/DLflw+hd8ZlEFAAAHWyH/UYLJ5gAAAABJRU5ErkJggg==",9,0.242576,4,2.36448907852
"data:image/png;base64,iVBORw0KGgoAAAANSUhEUgAAABwAAAAcCAAAAABXZoBIAAABD0lEQVR4nNWQv0tCURiGH266pOZgU1tDZVAXwtUIggiCfvwLSQ0htDs11KoNEkLUUhYtN2luacloCaIcJMwhwuUapItdPrHhlnQO3s2ldzkv33Oe78CBfsTYzHrDqBS023+6RcnL82ed/QEvuCYJ7xfPKkM/bTiis6XmtlsGd2zb0mDu1j3jtoi0ZlXYOAUgcCcX889fCwqbegsCcCXnBsVPVTwpAzDXuY9ArqHCxwMArtvLQDHvDrs/NA7A6PsNmNNVzUwBTNafIPggI5q5CDAWPoKkefnRcy2wuku6pa7dcvaAFclHK/W4Hy2F2mGIdWmLpLoz32+xYokJZwbgVfcAM9OUl8xxdcPoAf9DvgG4ek9Oa45hDQAAAABJRU5ErkJggg==",2,0.366935,6,3.13176655769
"data:image/png;base64,iVBORw0KGgoAAAANSUhEUgAAABwAAAAcCAAAAABXZoBIAAAA8UlEQVR4nGNgGAqAd/t/PQYGBgYWLHKR+m4v3+PQl/ru7w89VCHOEF0Ig/vs3+f+qHJmO7/5QVihYc92ocpJvVxsDmXaz3luiSzF3N53QRzGufa3F8ZkYWBgYNApY3B7CRWw5mT4ApNkQnfrj7sMV1AkxRgYAlghfP3Pxhe2oqh2+fv375FkHgYGW+vd13+vRzWKsebP379/f/38+efP379/56HbVHro79+/f/++Pv737yp9dEkGVqkptfz8PGxmf3eoY0jCAM/Gvx5wDrpX6m1w6mNgOPT3hQScgx6fnHtPv8BprN7b67iNbeLBYyeVAABI0U8CjGnw3AAAAABJRU5ErkJggg==",4,0.637962,4,0.44947630167
"data:image/png;base64,iVBORw0KGgoAAAANSUhEUgAAABwAAAAcCAAAAABXZoBIAAAAjUlEQVR4nM2RQRbDIAhEv325V7hZyMmkJ6MLg+ZF7KqLzkYf4wyDwJ+hxEUEjvOwt9n0SNyrN8hEqg90drtOAzDTXUBm4+GgT2WE2sNl0bdmnFzcnHbkTaPEIKmydraXymAV4ABOTa1bqi4tT9ZvxdddtXADUK9t1qSl1thapoxR0qzLXQPtG/Rbqh/hA/tzeGZPoy6XAAAAAElFTkSuQmCC",3,0.83643,3,0.178612351418
"data:image/png;base64,iVBORw0KGgoAAAANSUhEUgAAABwAAAAcCAAAAABXZoBIAAABBUlEQVR4nGNgGMyATwSVz4jEzs/in7NVmYGB4fxVdG1s8//8+/fvz79///797hRF1am6wpCBgYHhzb29DA66PFsC/yLpU3jw78GJmq4TCgwMDAxqW/41IskJ3v/3XpGFgYEFwuV4/aEQLsda/u+nM7IDQv79g7Pt//1LQnGdC5LkhX9vWLBIMjEwMDAw6P3r/IMiycrwCy7J8GMnqqfNGU7B2f//oTiHQfT7v14kSS+kcGT2uffvhQqcu/jfv3gYW6PwwL9/50UYGGDBJ3dA4dfBs3dvezAwOGlzM7xeVPcdyRKZRX/+wcCPOmmoKNwq81I+BqlnDAwHHt46zYANcGMVHUQAACDdY61rV6vDAAAAAElFTkSuQmCC",0,0.380516,0,0.966227412224
"data:image/png;base64,iVBORw0KGgoAAAANSUhEUgAAABwAAAAcCAAAAABXZoBIAAAAwUlEQVR4nGNgGI5AgJdXB1WEkYHhniwDwyt+dgbGy4yKP8+enPIGWXKrByOy8t/7Xh7Z8gImycADkfTm1nomnsrPwMDAmD0Nq8W8Zive/vv3E6fDzN7++wdhMWFKPv3EsAmnzkn//2XiktO6928+Ljmp+//eOeKQk770768vDjnW/f/+xOAytPvfv9245Lw//9vHh0NO4sm/p8q45C78+2eBQ4758L9/7fw4JPP+/VuKS47h4L9N8rjkGLRdcEphAwARPj/AXxra8wAAAABJRU5ErkJggg==",7,0.906443,7,0.0982276573777
"data:image/png;base64,iVBORw0KGgoAAAANSUhEUgAAABwAAAAcCAAAAABXZoBIAAABE0lEQVR4nMXOMUtCURjG8X8G2tDkEJKTtJgg5NIQ1UfIptAWlyD8ANXaVLRF1CA0ZKNzRFPtDREEIpRg4IVwk7hl3Z5uw712z721+0znPb/zHF4YbdZc13X3/7f1T0n6Gpxt5/9iS8O8bEbt0JE6c4WGJPUiVnGkyyTECw3JOQlZ6VnSEgDTbcnOGZa1JR0kvCHXlrYAYt68MgHdow9vaN74lVjQLlvRHX3MwMWdeb9hnAfSQjCdSu9G8xyWQz9aBs7DzC/Ek1Az8N4oJXaL4YWagcUXd8DtG6/zb2plABLpPUnOMQBjvvYneVwtTZEqAt9Ps6Htqq8KUvMvh02sFGicjn2bvr56iCD1XqWapVtntPkBTB53ScB77NMAAAAASUVORK5CYII=",0,0.391349,0,0.93815523386
"data:image/png;base64,iVBORw0KGgoAAAANSUhEUgAAABwAAAAcCAAAAABXZoBIAAAA+ElEQVR4nGNgGDig3/Hx379///79P9XEgS6n+OTv379/n7fvv/Xq72EzNEntD3///tkrz8DAoDrx7yZ+NNmgbdtcICzm3r/zcFvPtu1jKITFhCn5az8PbkmG3TAGNkkGfJLe+CS1GdbhNIzrwGkeXHKsRX/34NTI8/dvIJoQi1mTIBsDAwMD296/k9AcorDx79+/h6ZUsjPU/32jiionsePv9bSTl/7+3bXs2+96NENV/p7iZWBgj3r19+/fjwhhmPGqMVwMGs4sDAwMXC2yqDrF1v39e//2u79/75tF/P7bhu5Yoxd///59lcPDwBD891clTn/SHgAAUWhdpZsWq8AAAAAASUVORK5CYII=",3,0.507034,2,0.925730824471
"data:image/png;base64,iVBORw0KGgoAAAANSUhEUgAAABwAAAAcCAAAAABXZoBIAAAA10lEQVR4nNXPMWrCABTG8Wfs1EULlro5CCKtugluPUIRl2IEFy/gARwLpeABmgNk6FwQB4fi1IBoBXsBYyZxyNBmqP92iajkZenmt73343vwRE42ZWsWePw+aVacAMAiF7WLOcAa6IUbY4/1koh1XXkWuYk2bXBKcj6FSRSrP/iNx9eDs4cZEeZWwWTtA4D3hPaL3LvAprUbz44wlRGRu7FaNAPY2oZqHQ9euipJewurdIwtgQfdCi7gZHR8A5xL3cwv8Ju65X2gr5vIJwyv4nDAdzbO/pE/PmNqmfBs6/QAAAAASUVORK5CYII=",1,0.2904,9,2.4595310688
"data:image/png;base64,iVBORw0KGgoAAAANSUhEUgAAABwAAAAcCAAAAABXZoBIAAAAZ0lEQVR4nGNgGMxA/Pb/TGQ+EzJHWOmfKU5JSTSTUCRj8UmiAxpJooCwv39v8eOS1Pr796847R2ELnnhCx7Ji19xSYrhsYLn9N+/XjhlF/w9wIlLTvTj3w0oAixI7Ld11q/x2Eo1AAC0cBktYWR46gAAAABJRU5ErkJggg==",1,0.527279,1,0.640024960041
"data:image/png;base64,iVBORw0KGgoAAAANSUhEUgAAABwAAAAcCAAAAABXZoBIAAAA20lEQVR4nGNgGMZA7dE1YSiThYGBgYGPm+HXWwYGbr4vPAzi66V/8L5FUjzx799nju1zj/+9+Pfv379/p6OYVHbl7tnbz/7+/fv/79+/f7cKwMQZGRgYGBi4eV+ICioxMDAwFLh+sr+EwzXsO/+m4nRqzd+/HggeE6qkKMO7pwgeC4IZz8/AoM/Al3SfwXLGQTQTg/5AXfv3799wDPsyn3/68v//tx1TA7G7h/fvLx+cjuX9exOZi+paNANRJdVxmsnAwPDo7zbckv//JuA2Fg2QIBn09TI+xSgAAAeeT5d9nUKzAAAAAElFTkSuQmCC",7,0.524191,7,0.645898878574
"data:image/png;base64,iVBORw0KGgoAAAANSUhEUgAAABwAAAAcCAAAAABXZoBIAAAAz0lEQVR4nGNgGGBgtv7ZvxYcck5vLn7998kaq5zmm3OmipP/TcMqufUWBwODwqdChAgLgjlZ8RcDA8OvWzidJLDgXgAuOa7r/6bjkrO7+W+tBHYpjv5f/77q4NDX/O/fv38HkEWYEMxVjz4ue359fR0jTufKPPm3ShenLOeUf204JRk47mzGLcmw4z1uOYd/szDElLkYGBgYGFjCz/8TQZfjWVTBwMDAwDzl3791GBplvl5Q4ZGIfPjv3zFBTKv2/v/+8cu//68C2PG4lQ4AAC8dSH8srQY3AAAAAElFTkSuQmCC",3,0.781402,3,0.246665775776
"data:image/png;base64,iVBORw0KGgoAAAANSUhEUgAAABwAAAAcCAAAAABXZoBIAAAA0UlEQVR4nGNgGDaAEc5iUYzmYWBYd+0DpiL9skN///79+/fv9QAMubRjf5/OVhQR0ar5/X0Rmpz9m8+ZbBBm5t8vxqiSn/7WwZisx/96wNhMDAwMDAy8DF9gAr9/oluZ7iAMYyp/ecyDzVsMDAwMDPV/O3HKVfztY8Yl5/r3qjROfc+2y+CQElvwawtOMw/9Pe8voABhC+kzIAc8b28CMwPDG6YvrAwMT3dkcvIyMLDAJS2SWy8yMDB88mDiPljN91sYxVAWFQSfn0FcBZflAwkAy2k7NgRbuiEAAAAASUVORK5CYII=",7,0.499595,2,1.91535234451
"data:image/png;base64,iVBORw0KGgoAAAANSUhEUgAAABwAAAAcCAAAAABXZoBIAAAAyUlEQVR4nGNgGMrA7dT/OiYcch7v//79y4VdTvDT34PL/vJilTM59XcLu83fcqxmXv6Rzsdg83cmFjmnL7/aGDirX/5djykn8OLvJJO5L//+/WuCKWn29e+Fn3///v17hx2LsXf+/v3w9++fXVgdqx0To//3bzdWfzAwMDAs+dvLgksu6M9fM2Q+Sjj6MN65g0ujxqfvvjhtnPn3EU45jvt/03BKcv/9K4oqguSgbAYG1TIzBuxA++/fv+/UcUgyrf57wgWnpaQBAOX2TTU5W1taAAAAAElFTkSuQmCC",1,0.305411,9,1.43855834007
"data:image/png;base64,iVBORw0KGgoAAAANSUhEUgAAABwAAAAcCAAAAABXZoBIAAAA6UlEQVR4nN3QMUtCYRTG8UdBqJBqkWgImkVzc3d1cGhQFAT9Erq4uihBg+Dc4EdoTaslaGiUEC4EojjocqUS+d8abpIXjl/As53ze5/3vLzSntZl7c3zvB+v5behv3E2XpMUOfa7aWb0n7joLwlUZeu6apBwziRJYUmSu/YPfTlOR5I+Z9s788lSS9L4XicLScOE+d78C8CNabFXgGbYsvNnANKmPQF8tI8sfACYpMyFhSWwurLo4HYNrHpm7hqAomnFb4BuxLKyC/B4aAYHANNMcLj5i64raf5uBqU7ILfDdNqgHt2FVv0CkIF/c8v8Jc4AAAAASUVORK5CYII=",7,0.924326,7,0.078690841794
"data:image/png;base64,iVBORw0KGgoAAAANSUhEUgAAABwAAAAcCAAAAABXZoBIAAAAm0lEQVR4nGNgGIagep0xHwOH3xtDbJJ///y5vO/knz+LcUj++fP3z5/vanAhJhjDnYEhbd5tBgYGVhZMjVl//4gyCGlpvfmjBReDK2Nk+sfA8O4dw19GIUxj///7D6H/h2NKYgNwyWfPMCXhdm64lfkdnykMDAwMDC//TsZt5///WOzE6yDKJRkZ7XCrfvHnDxXsxAD6N5cQpxAAulMyOxyy1PMAAAAASUVORK5CYII=",9,0.439139,7,1.91329109669
"data:image/png;base64,iVBORw0KGgoAAAANSUhEUgAAABwAAAAcCAAAAABXZoBIAAAA4klEQVR4nGNgoAvwX9HDjEMq6Njnf//4sUoxR/z99w+XpNG/f//+nW9jwSbHseHfv3eZnNgtnPj/3285HI4RvvbvoT4OOYbj/36n45JjeP1/OroQE4L5/z1Ojc6/H2kwMDAwCKYcXc2FLun2eysDAwOD989///5h2v16KwMDg/Ddf//+/XuFaScDAwNDpCLDt5W3sDhInIuByY/hS2jyV0wXPfrfxsH27185Q8y/dRiS6f/+rff4929y5q9/UhiSLFv//oOA7djipe3fv3///r3aIY1FjoHZ493Laa24ImYwAAAeeF5hvc7gOgAAAABJRU5ErkJggg==",6,0.394171,6,0.930971264839
"data:image/png;base64,iVBORw0KGgoAAAANSUhEUgAAABwAAAAcCAAAAABXZoBIAAAA40lEQVR4nGNgoAlgROYwCTCoBpkfbv2BqU4gfsm/f//+/fu3CUNKc/r5f1DwEENy379///5dnO3oOOXfdyd0Sdd3/5bpCzEwMBT9+xcJFWOBSe7WYn36j6D7OX7BdTJhSGbBDcMi6cXw5yMuU51/YPEK3GH/fqfhkpN9+u8zLjnpy/+wSDLrPfn169ev3//+/XPEkHSBBOv/f//+TZRGk9N79A8BvgSgSs6Cir9PWnXr37+Ps/iwSG7TZGCQKLrz7986HnTJP+G8DAwMDAyilpv/BSF74ca/f1PF4FzldmTJwQMAzIOA5v2MIR4AAAAASUVORK5CYII=",2,0.925994,2,0.0768870264292
"data:image/png;base64,iVBORw0KGgoAAAANSUhEUgAAABwAAAAcCAAAAABXZoBIAAAAs0lEQVR4nGNgGH4geo+DuhyDIIMgkhgjjHHEmoHh40m5R3KPGNIeouus+H/1w6MtP3/+/P+/E8PYnf+tIYyv/6ejy9n92M7PwMDAwOD1578bmpzoxZ8mEFby///aMFEmCOWmt/0MVBnD5x9oOrnjYMrP/98LF2WBumIRQuFPOIsJw9kMs/FJMpAnyc/98y1OxTb/H+PWmYHPWBZyHcRrwHAEpySnOsMFnAaxbL0qhs8iJAAACQUyMKzVAEMAAAAASUVORK5CYII=",7,0.46909,7,0.756959915161
"data:image/png;base64,iVBORw0KGgoAAAANSUhEUgAAABwAAAAcCAAAAABXZoBIAAABH0lEQVR4nM3QMUhCURgF4PMeFipR9GpQLJoqkBoyos3aGgJJkBoCi6TJwcGoqYaivdm1Jdp8izRrDpFoRIGVSUOCUKLwFB3kOCTEe/eODZ3lwv34uf+5wH/P4Dr2bvTwmCgjsXQtjEKHPLDIuC9620q5gWCTnW0TaaEKWdoElOMu9SXz3DlZPLQB/js2zuxmixp8mgfgr/Nt0vLeXIsPCwCmGix5rGvukMsARrN8mRA6eF5ZvZj13jPnlHSPt0mjyrJLYsBM6KpJMh93SHn4i5XLb+NxQ5FghIwA0x88tYu4xs8hAOo1F0XcJTUACDLbv1F/sd4/fUiKkwPPDABQUsaKZKPVbtkF9YS6tMxW7f0oyaLwuT/REpnMvltuf5cegVxsIspuRMMAAAAASUVORK5CYII=",5,0.228611,8,3.68505334854
"data:image/png;base64,iVBORw0KGgoAAAANSUhEUgAAABwAAAAcCAAAAABXZoBIAAABBUlEQVR4nM2QvUoDQRSFD9mNmBUV0SLbGCQIipWFVbCyULAOCDb6BlbW4guIXRpLOwUL0cKAYGGXxoBgFVALhX0AN/LNWEzM7upuZ+Fp7rn3uz/MSP9UXjC0a+YxzMLVl/rAldtw6qXZyBWXs84uA1TTcB44cHYDaI9KkkpJw4ILu1J0+JGG9WHLWCjd3jnvu9B0YTFo1hrJLj+xc0dTm96kJHWzLznByQDclAfVkn4r/syk1b5ximNjzf532U2+bUfWWvt+3mhZYx9m/Oyq6euni52KtA4892o5xySFAMf5THvA2UQ+C14hWioYXAFaBUxb0A2K4Dh0kuzHD/U7ui8a/DN9AXxEZzdFXGYKAAAAAElFTkSuQmCC",4,0.508516,4,0.676258206367
"data:image/png;base64,iVBORw0KGgoAAAANSUhEUgAAABwAAAAcCAAAAABXZoBIAAAAwElEQVR4nGNgGDaAEUqrRui+S18vsphhuYXiqo9oimL/QsG5N39XCeKS/Pv3798YqCATlF6meG3FeobjuGxXYuGwlbCd9ffv33NiOJTU/P37dz8OObFvf/9eU4LxmFAli9gZGDbfw65R88bfv1+dcZh66+/fv4nYpZgzvv39e0YSu2T2379//+biMHTn37/fc1lwSz5DEWDCoRAdeH7++/cALp2CXAz/unDpXPv37wacxjq/+2uI29Kdf3HFFTYAAJKmV8BxBsluAAAAAElFTkSuQmCC",7,0.770599,7,0.260587126017
"data:image/png;base64,iVBORw0KGgoAAAANSUhEUgAAABwAAAAcCAAAAABXZoBIAAAA60lEQVR4nM2QIUtDARSFDzJQEAxvE10bbMXNYPMPzGZ0QVh0gltZXllbs1meaBDmDzCJQRTBYjIIzvQU29yKYnHfRaOPtzvTgife7557Dlf6nyofmX2b2WkwzppDwADq8fGMJGnp661bXM6u/nV8LeGMqxBx72RKkrLH9pGf5DuH4W7BQ5l2ZADvYXochtALtw4fjbtFSSrNx+AO3UBS0IKXvNTYn3Wjn6219xpNaFYFu8z5bK4CJws+W79NPvhX2wMA902pjcHD5qddub4aTysXUPZYqU/zmlEn5cEKYHRiMYmFm7MDv+oU9QPumGXdF9jXIgAAAABJRU5ErkJggg==",3,0.723227,3,0.324032366276
"data:image/png;base64,iVBORw0KGgoAAAANSUhEUgAAABwAAAAcCAAAAABXZoBIAAAA+0lEQVR4nGNgoAbQXfc/lhGHHNvxv3//cuOQ9P97IuEcF3Y5xWd/V+C00e/vG3eckiv/TsIpJ/furw26GBOMwc6PqQEumYvFNLgkwoM+p2bLoqma9/+/DQMDAwNj0MX//+/Io0rO/QtxUNDfv3///r0pimLsewglVM/wqjv5tkoUik5ViM4J/68pMDAc+juHgYGBgQUm+f2NiCwDw9LQ754PGRgYGJ6gWtr+942HzNu/JQwMfGnv93CiSio+/fv2wd+/DAym6//+bUD3svnzv3///r267MPfvxPY0SUZ8l/+/fv3/9+/L0rYMOQYGDhLWn78/9RiiEVqCAAAU6xfNFUcDRIAAAAASUVORK5CYII=",6,0.295996,6,1.2174090147
"data:image/png;base64,iVBORw0KGgoAAAANSUhEUgAAABwAAAAcCAAAAABXZoBIAAAAoElEQVR4nGNgGASg/N91OJsJXfL//3+4JZEBuiSXCB7FbX//XsUp+e/v31hccsv//01nxmGntt7/2+f+YtenfeLvv3YkPopOFVNUxSxIbJH1DAxfH+HQ+X3t//9vruGQ/LqEgUHeA7tzGIQ//P17gguHTl9eBoaN33DovP73Lw4/MjC0fv/79y2KCJKx4mwMDD64JPECFc8DlrxEqqUdAADR0zDd0pc1pwAAAABJRU5ErkJggg==",1,0.767562,1,0.264536589384
"data:image/png;base64,iVBORw0KGgoAAAANSUhEUgAAABwAAAAcCAAAAABXZoBIAAAA+ElEQVR4nGNgGMxAtPjI////5whik3M8/ffv7x9//85nxJDi6Pz59+NkF83Sb39FMCRz/36aK8vAwFT867sQhqTYRBUGBgYG3b9/s7C7iC1/5oe/t9mxS4b8/fv3mT5WqSnvf/z9+/dXMlbJ93///tn69++PeGySLDosLIxGO/7+8cNuKQMDA9+Tv5U4JRnq/t6GspiwmM7wC00kJxbOfPC3AlVO4c1ymFEVv/66oUo6/t0EZen//buUDVVS/jVEUnDe57+n4XKwqLstMP8CA6OVs+rv1QVv0Z246O/fv3///309SQJJEKZTKlEr4uTlt7MeYHqN6gAALaphKIbbY8sAAAAASUVORK5CYII=",3,0.913131,3,0.0908756703138
"data:image/png;base64,iVBORw0KGgoAAAANSUhEUgAAABwAAAAcCAAAAABXZoBIAAAA3klEQVR4nGNgoBbg633gD+ewoEmucWZQw6Ux+d/qYhUcciY/vmjg0id/+68uLjnW8n+rcckxpP+9wolLTvjIE22cGqf+XYcmwoRg6jJsw6lR/P86BgYGBqNEaz5MyS3/2hkYTK9///t3J6ax/AwMDBHb1B/mrXdxwbSTgSFisdAcx6l3GDKhfOSA55/8qbOLgYGBYSuGncn///2bxcDAwND5TxzD2DUX//9/xMArIqL3XQ7TufV//35c/+Dv3791WDzKmvfx799/f//eYMUiycCgufjvv7/34rDKDX4AAI5hR/Od5zCEAAAAAElFTkSuQmCC",6,0.449067,6,0.800584197044
"data:image/png;base64,iVBORw0KGgoAAAANSUhEUgAAABwAAAAcCAAAAABXZoBIAAAA1klEQVR4nGNgGMKAreTzg2/WDPKVTJhyTFP3x3PMkxS8/UQUQ45v7VQLBgZb1mNPdDA1hp2QZGBgYHA67Q3hsyBLqh96zsDAoL3x82NMjd0n2RgYGBim/gnBlIt4wsXAwCA04283phzLwwQGBiaXQw/yMOUYDJ+KyNhM///THYscg+bPc3/vnvt2CkkIERLXC7/VGe9kOIJNIwMDAwND3r9jrLjkZH+9lcQlx3z7kgROQwu+4JRicPhSg1Mu7uUSFpySl+9xogshxfj87zg1SkRhSRlkAwCVSDt8hIPsigAAAABJRU5ErkJggg==",1,0.213129,9,1.70921075344
"data:image/png;base64,iVBORw0KGgoAAAANSUhEUgAAABwAAAAcCAAAAABXZoBIAAAA1klEQVR4nGNgGGSAEc7K42dgUGS4v/IWFlVz//379+//v3+/g7FIrvkHBd8nYEpyZMBk72HRyiXZugNNkgXO+vbN2AC3w0t/QIzNh4swISST2SC0CDadEZ9wO4iBIfLjv7Nv/v17JoVV1sRRcOa/f/8acLnK9N+/f0+wOIiBgYGBQYKBgWEpDo0az//9+5eEKS7IwMDAOePfv38vlTHk+s7PNWre9u/fv38XMOTsv8DC/XcIhmQWTO5rB6aNhq///fv379+vuypYHZr7+t+/uwo4fEFVAAD2sHuSiX/xYAAAAABJRU5ErkJggg==",3,0.884145,3,0.123133912683
"data:image/png;base64,iVBORw0KGgoAAAANSUhEUgAAABwAAAAcCAAAAABXZoBIAAAAgUlEQVR4nGNgGFgQ8/fvX5yS+37//o0iwITPKOpIMjIxMR2WwCH5/9+/f1Zq+Iz1x2GF8e/fv//ewaHzLT4HvdnMxMTEiMNYBXzGYgDyJZGByLm/f///rcOu803Qi3///uEy9sEPBgYGu3gcBm+9/Pf37z04JCWUZ/7+HUmsG2kCAFPPLmbmm3x5AAAAAElFTkSuQmCC",1,0.441045,1,0.81860935688
"data:image/png;base64,iVBORw0KGgoAAAANSUhEUgAAABwAAAAcCAAAAABXZoBIAAABFElEQVR4nM2RIU8DURCE5zUUUQQVV8vVlORqECAhJ6H/gWBrGmz/QDEIuBoSUE3wSByUBHRFK2pKE4JoAjnTBNTMPUQTcncv5xCs2ex+mc3uLPD/oyGrIwBAKdMPQyCMbGKtq7lfTlGdk/Gdl0e1SONjMyQZObKTCUceIpEdh9XfSQ/1WJxt5tB6Y8LvHjauKD4Dtez6JHtAixQP0R8F6VP6xpgXAMaUptvD0x0fALC2um/fAnvmrWmRBJdIPj5TU1skSc6XpEjG13Ad8iurfNtOd5sDSZKVZBXnPSh3xw8LiuT8fMvxAH5l90YkB2WXAQBEUt0C+CTJ6uy3zmx78WVtYoMCafuVmh0UQFQfO/mf/H38AFSkhiJNowcoAAAAAElFTkSuQmCC",4,0.459014,4,0.778673887253
"data:image/png;base64,iVBORw0KGgoAAAANSUhEUgAAABwAAAAcCAAAAABXZoBIAAAAjklEQVR4nGNgGLRA7GsYKzdO2YAPG0/j1rvjzx9UASZ8NiFLnmZgyMKpUOHp3y9GuHQ+WPCf0x6nVpfrf28L45QV/fsnH7f7/v7ZjsNOBgYGJkZG3JIL/vNw4jRW8PEfXZw63+/D7R4GBss/03DqZPjGyI1bkuH/fzyS+ID+nzeIAGRBk7zW+/o9KYaRAwAWKiX/S0+DPgAAAABJRU5ErkJggg==",3,0.259002,1,1.69507586956
"data:image/png;base64,iVBORw0KGgoAAAANSUhEUgAAABwAAAAcCAAAAABXZoBIAAAAwklEQVR4nGNgGIpAusNSSEhISEitQ5cZQ/LfXzjQhAsyQWlGbMbBJL12LnBZcp2BgYHh9VfsFlv++Pv3pQ2mTgYGBgaGy38YGPh+4HLz7r9/DyE5lgXOEImUZbBjYJgtChP5+hmuSu7DX1TwdgWSkSZ51xEy1w/N1kP1X+QSBoYvX++8m/qN4dZrFDuhYFvZ22+YDoKC7Y+ROEyoci+XMOCW5DXFI8mljkcSFaBJvt2GR/LPG2QeslfWKvLuxWcLCQAAlJNThvTCLYAAAAAASUVORK5CYII=",7,0.297751,7,1.2114969492
"data:image/png;base64,iVBORw0KGgoAAAANSUhEUgAAABwAAAAcCAAAAABXZoBIAAAA6ElEQVR4nGNgoAsQnfvxexN2KZbwjx+P3fs7gwWLnPCKv581GQQ2/cvFIjnp73l1BgYGk9cVmHIenz+I4nTLxc/uuORELv6diEuOoePfQyGchr77F4lTY+7fU6zoYkwwhhTjm984Jd/+P41hGlxSjeEWhiQsFKVDGNQYGBgYeNgZGH5+QVMk/e7vVgYGjZonf//+feyEbkTvv1OsM//9+79r/79/GO6O+vvv7a/7OUJMzKf//kMPDeaJ//7+rWVg4DB69HcSM7q5Ihf+/v15/MTlv79XimC4m0G0Zv3fv//+ng/DlBosAAC2iljxBll/SwAAAABJRU5ErkJggg==",2,0.298213,6,1.23734676838
"data:image/png;base64,iVBORw0KGgoAAAANSUhEUgAAABwAAAAcCAAAAABXZoBIAAAA9UlEQVR4nNXQMUtCURjG8cerRJO2ZAQJOhg5BLUUDQ6NQkMuudro5NKSg1tTtArh4BoEETRFQn6GghYxxCkopOVKiH9uwynknquX1p7lHPjx8PK+0v+Ms14beZ57ujjD9m4xaUYDFnkEGH8BlYDVwX2qZtWEh7iFCzA+l6TEAE6CeGF+B9Bd9WOBYVKSFO8Bjd8FzJMTniSl79KSDmO+Zh7qkrNxDUArYs98Lu+2zKafBf9M5+znBLxA2140enzjMnnrJPehZKOknaOipOXX97UZaLLSH0yH2bidupxb1BWd+U1pMxOCS1shOE0A7z/cXljhb/kGIydrM/3dXBsAAAAASUVORK5CYII=",9,0.502344,9,0.68846976757
